category,subcategory,sku,ean,brand,name,format,description
Modulistica,Alberghi e Ristoranti,E 5916,8023328591601,Edipro,"Blocco comande - 25x3 fogli autoricalcanti - 17 x 9,9 cm - Edipro","17 x 9,9 cm","Blocco comande Edipro a 25×3 fogli autoricalcanti, formato 17 × 9,9 cm. Ideale per alberghi e ristoranti."
Modulistica,Alberghi e Ristoranti,E 9117,8023328911706,Edipro,"Blocco comande a 7 tagliandi - 25x2 fogli autoricalcanti - 22 x 10 cm - Edipro","22 x 10 cm","Blocco comande Edipro a 7 tagliandi, 25×2 fogli autoricalcanti, formato 22 × 10 cm."
Modulistica,Alberghi e Ristoranti,E 5913,8023328591304,Edipro,"Blocco comande - 2 copie autoricalcanti - 17 x 9,9 cm - Edipro","17 x 9,9 cm","Blocco comande Edipro a 2 copie autoricalcanti, formato 17 × 9,9 cm."
Modulistica,"Condominio, Edilizia e Registri",E 5504 C,8023328550417,Edipro,"Blocco ricevuta d’affitto 50×2 autoricalcante – Formato 9,9×17","9,9 x 17 cm","Blocco ricevuta d’affitto Edipro 50×2 autoricalcante, formato 9,9 × 17 cm. Per condominio e edilizia."
Modulistica,"Condominio, Edilizia e Registri",E 2529,,Edipro,"Verbale assemblea condominio 96 pagine – Formato 31×24,5","31 x 24,5 cm","Verbale assemblea di condominio Edipro, 96 pagine, formato 31 × 24,5 cm."
Modulistica,"Condominio, Edilizia e Registri",E 5563 C,8023328556310,Edipro,"Blocco ricevuta generica 50×2 autoricalcante – Formato 9,9×17","9,9 x 17 cm","Blocco ricevuta generica Edipro 50×2 autoricalcante, formato 9,9 × 17 cm."
Modulistica,"Condominio, Edilizia e Registri",E 2104 A,8023328210410,Edipro,"Registro prima nota IVA corrispettivi 13×2 (1 anno) autoricalcante – Formato 29,7×23","29,7 x 23 cm","Registro prima nota IVA corrispettivi Edipro 13×2 (1 anno) autoricalcante, formato 29,7 × 23 cm."
Modulistica,"Condominio, Edilizia e Registri",E 2102 A,8023328210212,Edipro,"Registro prima nota IVA corrispettivi 25×2 (2 anni) autoricalcante – Formato 29,7×23","29,7 x 23 cm","Registro prima nota IVA corrispettivi Edipro 25×2 (2 anni) autoricalcante, formato 29,7 × 23 cm."
Modulistica,"Condominio, Edilizia e Registri",E 2108,,Edipro,"Registro dei corrispettivi per mancato o irregolare funzionamento registratori di cassa – Formato 31×24,5","31 x 24,5 cm","Registro dei corrispettivi Edipro per mancato o irregolare funzionamento dei registratori di cassa, formato 31 × 24,5 cm."
Modulistica,"Contabilità, Cassa e Fatture",E 5349,8023328534905,Edipro,"Blocco prima nota cassa 100 fogli uso mano – Formato 14,8×22","14,8 x 22 cm","Blocco prima nota cassa Edipro 100 fogli uso mano, formato 14,8 × 22 cm."
Modulistica,"Contabilità, Cassa e Fatture",E 5349 A,8023328534912,Edipro,"Blocco prima nota cassa 50×2 autoricalcante – Formato 14,8×22","14,8 x 22 cm","Blocco prima nota cassa Edipro 50×2 autoricalcante, formato 14,8 × 22 cm."
Modulistica,"Contabilità, Cassa e Fatture",E 5350,8023328535001,Edipro,"Blocco prima nota cassa 50×2 autoricalcante (cassa-banca) – Formato 22×29,7","22 x 29,7 cm","Blocco prima nota cassa Edipro 50×2 autoricalcante (cassa-banca), formato 22 × 29,7 cm."
Modulistica,"Contabilità, Cassa e Fatture",E 5351,8023328535100,Edipro,"Blocco stato di cassa 100 fogli uso mano – Formato 22×14,8","22 x 14,8 cm","Blocco stato di cassa Edipro 100 fogli uso mano, formato 22 × 14,8 cm."
Modulistica,"Contabilità, Cassa e Fatture",E 5356,8023328535605,Edipro,"Blocco prima nota cassa 100 fogli uso mano (entrata – uscita – IVA) – Formato 29,7×22","29,7 x 22 cm","Blocco prima nota cassa Edipro 100 fogli uso mano (entrata – uscita – IVA), formato 29,7 × 22 cm."
Modulistica,"Contabilità, Cassa e Fatture",E 5356 A,8023328535612,Edipro,"Blocco prima nota cassa 50×2 autoricalcante (entrate – uscite - IVA) – Formato 29,7×22","29,7 x 22 cm","Blocco prima nota cassa Edipro 50×2 autoricalcante (entrate – uscite - IVA), formato 29,7 × 22 cm."
Modulistica,"Contabilità, Cassa e Fatture",E 5359 A,8023328535919,Edipro,"Blocco prima nota cassa 50×2 autoricalcante (entrate – uscite) – Formato 29,7×22","29,7 x 22 cm","Blocco prima nota cassa Edipro 50×2 autoricalcante (entrate – uscite), formato 29,7 × 22 cm."
Modulistica,"Contabilità, Cassa e Fatture",E 5279 A,8023328527914,Edipro,"Blocco fattura generica 50×2 autoricalcante – Formato 22×14,8","22 x 14,8 cm","Blocco fattura generica Edipro 50×2 autoricalcante, formato 22 × 14,8 cm."
Modulistica,"Contabilità, Cassa e Fatture",E4033,,Edipro,"Scadenzario effetti passivi con spirale e indici plastificati 36 fogli – Formato 24×17","24 x 17 cm","Scadenzario effetti passivi Edipro con spirale e indici plastificati, 36 fogli, formato 24 × 17 cm."
Modulistica,Ricevute Sportive e Varie,E 5567 C,8023328556716,Edipro,"Blocco ricevuta di pagamento per attività sportive 50×2 autoricalcante – Formato 9,9×17","9,9 x 17 cm","Blocco ricevuta di pagamento per attività sportive Edipro 50×2 autoricalcante, formato 9,9 × 17 cm."
Modulistica,Ricevute Sportive e Varie,E 5275 CN,8023328527518,Edipro,"Ricevuta Sanitaria 50x2 autoricalcanti - Formato 9,9x17","9,9 x 17 cm","Ricevuta sanitaria Edipro 50×2 autoricalcanti, formato 9,9 × 17 cm."
Modulistica,Registri Contabili e Cassa,E4034,,Edipro,"Scadenzario effetti attivi con spirale e indici plastificati 36 fogli – Formato 24×17","24 x 17 cm","Scadenzario effetti attivi Edipro con spirale e indici plastificati, 36 fogli, formato 24 × 17 cm."
Modulistica,Registri Contabili e Cassa,E2656,,Edipro,"Registro dare/avere/saldo 96 pagine – Formato 17×12","17 x 12 cm","Registro dare/avere/saldo Edipro, 96 pagine, formato 17 × 12 cm."
Modulistica,Registri Contabili e Cassa,E2666,,Edipro,"Registro due colonne 96 pagine – Formato 24×17","24 x 17 cm","Registro due colonne Edipro, 96 pagine, formato 24 × 17 cm."
Modulistica,Registri Contabili e Cassa,E2686,,Edipro,"Registro cassa entrate/uscite 96 pagine – Formato 24×17","24 x 17 cm","Registro cassa entrate/uscite Edipro, 96 pagine, formato 24 × 17 cm."
Modulistica,Registri Contabili e Cassa,E2769,,Edipro,"Registro 3 colonne 96 pagine – Formato 31×24,5","31 x 24,5 cm","Registro 3 colonne Edipro, 96 pagine, formato 31 × 24,5 cm."
Modulistica,Registri Contabili e Cassa,E2649,,Edipro,"Registro libro cassa 96 pagine – Formato 17×12","17 x 12 cm","Registro libro cassa Edipro, 96 pagine, formato 17 × 12 cm."
Modulistica,Registri Fiscali e IVA,E2172,,Edipro,"Giornale degli affari 96 pagine – Formato 31×24,5","31 x 24,5 cm","Giornale degli affari Edipro, 96 pagine, formato 31 × 24,5 cm."
Modulistica,Registri Fiscali e IVA,E2103,,Edipro,"Registro IVA corrispettivi 15 pagine numerate – Formato 31×24,5","31 x 24,5 cm","Registro IVA corrispettivi Edipro, 15 pagine numerate, formato 31 × 24,5 cm."
Modulistica,Registri Fiscali e IVA,E2117,,Edipro,"Registro acquisti beni usati 23 pagine numerate – Formato 31×24,5","31 x 24,5 cm","Registro acquisti beni usati Edipro, 23 pagine numerate, formato 31 × 24,5 cm."
Modulistica,Registri Fiscali e IVA,E2133,,Edipro,"Registro IVA fatture 22 pagine numerate – Formato 31×24,5","31 x 24,5 cm","Registro IVA fatture Edipro, 22 pagine numerate, formato 31 × 24,5 cm."
Modulistica,Registri Fiscali e Beni Usati,E2134,,Edipro,"Registro vendite beni usati 23 pagine numerate – Formato 31×24,5","31 x 24,5 cm","Registro vendite beni usati Edipro, 23 pagine numerate, formato 31 × 24,5 cm."
Modulistica,Buoni di Consegna e Tentata Vendita,E 5199 CT,8023328519926,Edipro,"Blocco buono di consegna 33×3 autoricalcante – Formato 9,9×17","9,9 x 17 cm","Blocco buono di consegna Edipro 33×3 autoricalcante, formato 9,9 × 17 cm."
Modulistica,Buoni di Consegna e Tentata Vendita,E 5196 C,8023328519612,Edipro,"Blocco buono di consegna 50×2 autoricalcante – Formato 9,9×17","9,9 x 17 cm","Blocco buono di consegna Edipro 50×2 autoricalcante, formato 9,9 × 17 cm."
Modulistica,Buoni di Consegna e Tentata Vendita,E 5197 C,8023328519711,Edipro,"Blocco buono di consegna 50×2 autoricalcante – Formato 12×17,5","12 x 17,5 cm","Blocco buono di consegna Edipro 50×2 autoricalcante, formato 12 × 17,5 cm."
Modulistica,Buoni di Consegna e Tentata Vendita,E 5209 C,8023328520915,Edipro,"Blocco buono di consegna 50×2 autoricalcante – Formato 22×14,8","22 x 14,8 cm","Blocco buono di consegna Edipro 50×2 autoricalcante, formato 22 × 14,8 cm."
Modulistica,Buoni di Consegna e Tentata Vendita,E 5217 A,8023328521714,Edipro,"Blocco nota di consegna tentata vendita 50×2 autoricalcante – Formato 14,8×22","14,8 x 22 cm","Blocco nota di consegna tentata vendita Edipro 50×2 autoricalcante, formato 14,8 × 22 cm."
Modulistica,"Documenti di Trasporto (DDT)",E 5215 CT,8023328521523,Edipro,"Blocco documento di trasporto 33×3 autoricalcante – Formato 22×14,8","22 x 14,8 cm","Blocco documento di trasporto Edipro 33×3 autoricalcante, formato 22 × 14,8 cm."
Modulistica,"Documenti di Trasporto (DDT)",E 5219 CT,8023328521929,Edipro,"Blocco documento di trasporto 33×3 autoricalcante – Formato 29,7×22","29,7 x 22 cm","Blocco documento di trasporto Edipro 33×3 autoricalcante, formato 29,7 × 22 cm."
Modulistica,"Documenti di Trasporto (DDT)",E 5214 C,8023328521417,Edipro,"Blocco documento di trasporto 50×2 autoricalcante – Formato 22×14,8","22 x 14,8 cm","Blocco documento di trasporto Edipro 50×2 autoricalcante, formato 22 × 14,8 cm."
Modulistica,"Documenti di Trasporto (DDT)",E 5218 C,8023328521813,Edipro,"Blocco documento di trasporto 25×4 autoricalcante – Formato 29,7×22","29,7 x 22 cm","Blocco documento di trasporto Edipro 25×4 autoricalcante, formato 29,7 × 22 cm."
Modulistica,Documenti di Trasporto e Tentata Vendita,E 5220 G,8023328522018,Edipro,"Blocco documento di trasporto carico per tentata vendita 50×2 autoricalcante – Formato 29,7×22","29,7 x 22 cm","Blocco documento di trasporto carico per tentata vendita Edipro 50×2 autoricalcante, formato 29,7 × 22 cm."
Modulistica,Documenti di Trasporto e Tentata Vendita,E 5221 C,8023328522117,Edipro,"Blocco D.D.T. fattura tentata vendita 50×2 autoricalcante – Formato 29,7×22","29,7 x 22 cm","Blocco D.D.T. fattura tentata vendita Edipro 50×2 autoricalcante, formato 29,7 × 22 cm."
Modulistica,Buoni di Consegna e Ricevute,E 5183,8023328518301,Edipro,"Blocco buono di consegna 100 fogli uso mano – Formato 9,9×17","9,9 x 17 cm","Blocco buono di consegna Edipro 100 fogli uso mano, formato 9,9 × 17 cm."
Modulistica,Schede Contabili e Maste,E 3399,8023328339906,Edipro,"Schede - 2 colonne - 24 x 17 cm (verticale) - Edipro - conf. 100 pezzi","24 x 17 cm","Schede contabili Edipro a 2 colonne, formato 24 × 17 cm verticale, confezione da 100 pezzi."
Modulistica,Schede Contabili e Maste,E 3369,8023328336905,Edipro,"Schede - 3 colonne - 17 x 24 cm orizzontale - Edipro - conf. 100 pezzi","17 x 24 cm","Schede contabili Edipro a 3 colonne, formato 17 × 24 cm orizzontale, confezione da 100 pezzi."
Modulistica,Schede Contabili e Maste,E 3259,8023328325909,Edipro,"Schede - 3 colonne - 15 x 21 cm orizzontale - Edipro - conf. 100 pezzi","15 x 21 cm","Schede contabili Edipro a 3 colonne, formato 15 × 21 cm orizzontale, confezione da 100 pezzi."
Modulistica,Schede Contabili e Maste,E 3406,8023328340605,Edipro,"Schede - 3 colonne - 24 x 17 cm verticale - Edipro - conf. 100 pezzi","24 x 17 cm","Schede contabili Edipro a 3 colonne, formato 24 × 17 cm verticale, confezione da 100 pezzi."
Modulistica,Ricevute Fiscali e Fatture,E 5348 C,8023328534813,Edipro,"Blocco fattura/ricevuta fiscale barbiere 50×2 autoricalcante – Formato 22×9,9","22 x 9,9 cm","Blocco fattura/ricevuta fiscale barbiere Edipro 50×2 autoricalcante, formato 22 × 9,9 cm."
Modulistica,Ricevute Fiscali e Fatture,E 5342 C,8023328534219,Edipro,"Blocco fattura/ricevuta fiscale parrucchiere 50×2 autoricalcante – Formato 22×9,9","22 x 9,9 cm","Blocco fattura/ricevuta fiscale parrucchiere Edipro 50×2 autoricalcante, formato 22 × 9,9 cm."
Modulistica,Ricevute Fiscali e Fatture,E 5340 C,8023328534011,Edipro,"Blocco fattura/ricevuta fiscale generica 50×2 autoricalcante – Formato 22×14,8","22 x 14,8 cm","Blocco fattura/ricevuta fiscale generica Edipro 50×2 autoricalcante, formato 22 × 14,8 cm."
